apt_id,sqft,bedrooms,dist_km,age_years,parking,rent
A001,1213,3,2.3,34,0,1431
A002,529,1,1.1,38,1,1000
A003,1250,3,5.3,34,0,1286
A004,575,1,3.1,37,0,722
A005,988,2,3.7,6,0,1330
A006,528,1,4.5,34,0,664
A007,700,2,0.8,23,1,1171
A008,1169,3,1.6,25,1,1697
A009,844,2,4.4,4,1,1263
A010,1110,3,5.1,23,1,1324
A011,1199,3,2.4,3,1,1645
A012,515,1,3.2,26,0,739
A013,740,2,5.7,12,0,953
A014,751,2,4,32,0,953
A015,967,3,5.9,17,0,1049
A016,956,3,4.6,5,1,1270
A017,481,1,4,34,0,615
A018,767,2,2.6,30,1,1021
A019,551,1,2.8,16,0,950
A020,1007,3,2.9,7,0,1294
A021,577,1,2.8,21,1,960
A022,1172,3,4,26,0,1407
A023,569,1,0.7,20,1,995
A024,1142,3,1.2,18,1,1533
A025,769,2,3.8,36,1,977
A026,610,1,3.3,27,1,952
A027,624,1,1.9,39,0,868
A028,789,2,0.6,12,1,1329
A029,453,1,1.1,14,0,974
A030,826,2,5.8,6,1,1071
A031,580,1,2.8,9,0,897
A032,701,1,1.2,26,0,1090
A033,1064,3,0.8,21,1,1530
A034,976,2,4.8,17,1,1308
A035,374,1,1.1,40,1,811
A036,550,1,2.9,28,0,720
A037,534,1,2.9,13,0,726
A038,543,1,3.4,11,1,983
A039,790,2,6,6,0,983
A040,830,2,3.2,21,1,1187
A041,1232,3,0.7,26,1,1594
A042,821,2,4.4,34,0,991
A043,674,1,4.6,9,1,999
A044,566,1,5.1,5,1,947
A045,843,2,0.3,6,0,1413
A046,634,2,5.6,23,1,845
A047,841,2,4.3,17,0,1055
A048,884,2,4.2,35,0,952
A049,738,2,4.2,21,1,1213
A050,522,1,3.5,37,1,668
A051,501,1,3.1,5,1,1006
A052,1011,2,0.8,4,1,1469
A053,1011,3,3.2,5,0,1298
A054,1032,3,4.3,16,0,1347
A055,865,3,4,3,1,1214
A056,700,2,2.1,30,0,1044
A057,850,2,2.9,26,1,1147
A058,725,2,5,20,1,1036
A059,601,2,4,4,1,910
A060,808,2,5.5,34,1,863
A061,581,1,3.1,32,0,892
A062,1114,3,3.2,5,0,1476
A063,603,1,1.9,11,1,1011
A064,1041,3,3.8,12,0,1275
A065,1327,3,0.5,10,0,1580
A066,785,2,3.5,1,1,1205
A067,1129,3,4.6,26,1,1251
A068,465,1,4.5,32,1,614
A069,780,2,3.4,10,0,1198
A070,704,2,2.7,1,1,1156
A071,590,1,1.4,35,1,909
A072,538,1,2.4,10,1,921
A073,488,1,0.5,11,0,1016
A074,664,2,4.8,23,0,866
A075,878,2,5.6,14,1,1062
A076,901,2,2.4,1,0,1201
A077,902,2,0.8,19,0,1283
A078,825,2,3.9,15,1,1167
A079,891,2,2.5,35,1,1039
A080,649,1,5.9,21,1,924
A081,616,1,4.3,4,0,859
A082,694,1,0.5,3,0,1219
A083,820,2,3.5,9,1,1156
A084,591,1,2.7,32,1,846
A085,707,2,5,20,0,939
A086,750,1,3.8,30,1,1008
A087,512,1,0.4,17,0,854
A088,863,2,3,10,0,1217
A089,889,2,5.4,22,0,1071
A090,508,1,3.5,33,1,758
A091,833,2,1.7,9,0,1317
A092,895,2,0.5,21,1,1310
A093,570,1,4.7,33,1,829
A094,812,2,0.8,25,0,1190
A095,552,1,3.5,31,1,835
A096,779,2,5.7,40,0,880
A097,824,2,4.9,27,1,1078
A098,870,2,0.3,1,0,1380
A099,617,1,3,25,1,984
A100,671,1,5.9,20,1,824
A101,844,2,2.2,8,0,1266
A102,1057,3,4.2,34,0,1259
A103,651,1,5.5,16,1,983
A104,870,2,2.7,35,0,1017
A105,665,1,1.6,30,0,945
A106,1117,3,5.1,12,0,1351
A107,886,2,5.6,2,1,1240
A108,874,2,3,21,0,1085
A109,643,1,4.1,36,1,862
A110,1020,3,4.9,12,1,1332
A111,833,2,0.4,5,0,1444
A112,597,1,3.9,20,0,847
A113,1246,3,2.3,2,1,1717
A114,576,1,3.5,27,0,715
A115,621,1,5.1,9,1,837
A116,567,1,1.5,31,0,932
A117,669,2,0.6,7,0,1163
A118,1207,3,3.5,24,0,1377
A119,639,1,5.7,23,0,821
A120,947,2,1.6,16,0,1347
